{"cameraMode":{"drawMode":0,"name":"Shaded","section":"Shading Mode"},"sceneLighting":true,"audioPlay":false,"sceneViewState":{"m_AlwaysRefresh":false,"showFog":true,"showSkybox":true,"showFlares":true,"showImageEffects":true,"showParticleSystems":true,"showVisualEffectGraphs":true,"m_FxEnabled":true},"in2DMode":false,"pivot":{"x":-228.60519409179688,"y":81.33268737792969,"z":150.07565307617188},"rotation":{"x":0.01311915460973978,"y":-0.9372302889823914,"z":0.03545181080698967,"w":0.3466816246509552},"size":462.6345520019531,"orthographic":false}