{"cameraMode":{"drawMode":0,"name":"Shaded","section":"Shading Mode"},"sceneLighting":true,"audioPlay":false,"sceneViewState":{"m_AlwaysRefresh":false,"showFog":true,"showSkybox":true,"showFlares":true,"showImageEffects":true,"showParticleSystems":true,"showVisualEffectGraphs":true,"m_FxEnabled":false},"in2DMode":false,"pivot":{"x":255.17181396484376,"y":5.260476589202881,"z":315.7320251464844},"rotation":{"x":0.15424703061580659,"y":-0.08141342550516129,"z":0.012754332274198532,"w":0.984589695930481},"size":12.12435531616211,"orthographic":true}